{"cameraMode":{"drawMode":0,"name":"Shaded","section":"Shading Mode"},"sceneLighting":false,"audioPlay":false,"sceneViewState":{"showFog":true,"showMaterialUpdate":false,"showSkybox":false,"showFlares":true,"showImageEffects":true,"showParticleSystems":true},"in2DMode":false,"pivot":{"x":-2.0843302195316938e-7,"y":1.2811317443847657,"z":2.3841958045959474},"rotation":{"x":-0.5715802311897278,"y":-0.04131597653031349,"z":0.028835589066147805,"w":-0.8190099596977234},"size":13.645389556884766,"orthographic":false}