{"cameraMode":{"drawMode":0,"name":"Shaded","section":"Shading Mode"},"sceneLighting":false,"audioPlay":false,"sceneViewState":{"showFog":true,"showMaterialUpdate":false,"showSkybox":false,"showFlares":true,"showImageEffects":true,"showParticleSystems":true},"in2DMode":false,"pivot":{"x":3.055333375930786,"y":0.23815619945526124,"z":-0.13426321744918824},"rotation":{"x":0.48484915494918826,"y":-0.047184139490127566,"z":0.02620730921626091,"w":0.8729308843612671},"size":1.2223093509674073,"orthographic":false}