{"cameraMode":{"drawMode":0,"name":"Shaded","section":"Shading Mode"},"sceneLighting":false,"audioPlay":false,"sceneViewState":{"showFog":true,"showMaterialUpdate":false,"showSkybox":false,"showFlares":true,"showImageEffects":true,"showParticleSystems":true},"in2DMode":false,"pivot":{"x":-0.0014204755425453187,"y":0.04786175861954689,"z":0.00045530498027801514},"rotation":{"x":0.2851237952709198,"y":-0.04742107912898064,"z":0.014125178568065167,"w":0.9572144746780396},"size":0.16903606057167054,"orthographic":true}