{"cameraMode":{"drawMode":0,"name":"Shaded","section":"Shading Mode"},"sceneLighting":false,"audioPlay":false,"sceneViewState":{"showFog":true,"showMaterialUpdate":true,"showSkybox":false,"showFlares":true,"showImageEffects":true,"showParticleSystems":true},"in2DMode":false,"pivot":{"x":0.021920084953308107,"y":0.005768299102783203,"z":-0.0001856088638305664},"rotation":{"x":-0.23354893922805787,"y":-0.02566918171942234,"z":0.006167782936245203,"w":-0.9719868898391724},"size":4.293780326843262,"orthographic":false}