{"cameraMode":{"drawMode":0,"name":"Shaded","section":"Shading Mode"},"sceneLighting":false,"audioPlay":false,"sceneViewState":{"showFog":true,"showMaterialUpdate":true,"showSkybox":false,"showFlares":true,"showImageEffects":true,"showParticleSystems":true},"in2DMode":false,"pivot":{"x":0.021827906370162965,"y":0.0075002312660217289,"z":-0.008162856101989746},"rotation":{"x":-0.23354893922805787,"y":-0.02566918171942234,"z":0.006167782936245203,"w":-0.9719868898391724},"size":4.859455585479736,"orthographic":false}