{"cameraMode":{"drawMode":0,"name":"Shaded","section":"Shading Mode"},"sceneLighting":false,"audioPlay":false,"sceneViewState":{"showFog":true,"showMaterialUpdate":true,"showSkybox":false,"showFlares":true,"showImageEffects":true,"showParticleSystems":true},"in2DMode":false,"pivot":{"x":-0.0000743865966796875,"y":1.3341524600982667,"z":0.6150689125061035},"rotation":{"x":-0.2609584629535675,"y":0.0008660409366711974,"z":-0.0004683024890255183,"w":-0.9654048681259155},"size":9.11536979675293,"orthographic":true}