{"cameraMode":{"drawMode":0,"name":"Shaded","section":"Shading Mode"},"sceneLighting":true,"audioPlay":false,"sceneViewState":{"showFog":true,"showMaterialUpdate":true,"showSkybox":true,"showFlares":true,"showImageEffects":true,"showParticleSystems":true},"in2DMode":false,"pivot":{"x":1.882216453552246,"y":-0.40060532093048098,"z":-0.6997983455657959},"rotation":{"x":0.3886106312274933,"y":0.027928056195378305,"z":-0.011799074709415436,"w":0.920922040939331},"size":2.4938340187072756,"orthographic":false}