{"cameraMode":{"drawMode":0,"name":"Shaded","section":"Shading Mode"},"sceneLighting":false,"audioPlay":false,"sceneViewState":{"showFog":true,"showMaterialUpdate":true,"showSkybox":false,"showFlares":true,"showImageEffects":true,"showParticleSystems":true},"in2DMode":false,"pivot":{"x":-0.010208070278167725,"y":1.0235273838043213,"z":-0.012154042720794678},"rotation":{"x":-0.23354893922805787,"y":-0.02566918171942234,"z":0.006167782936245203,"w":-0.9719868898391724},"size":7.089152812957764,"orthographic":false}