{"cameraMode":{"drawMode":0,"name":"Shaded","section":"Shading Mode"},"sceneLighting":false,"audioPlay":false,"sceneViewState":{"showFog":true,"showMaterialUpdate":true,"showSkybox":false,"showFlares":true,"showImageEffects":true,"showParticleSystems":true},"in2DMode":false,"pivot":{"x":-0.035004377365112308,"y":0.02317395806312561,"z":-0.0049669742584228519},"rotation":{"x":-0.23354893922805787,"y":-0.02566918171942234,"z":0.006167782936245203,"w":-0.9719868898391724},"size":1.1727349758148194,"orthographic":false}